0, 4163136, 4163154, 4163114, 4163133, 4163148, 4163112, 4163060, 4163155, 4163013, 4163059, 4163158, 4163070, 4162925, 4163137, 4163225, 4163097
0, 4163100, 4163094, 4163010, 4163065, 4163155, 4162993, 4163136, 4162984, 4162981, 4163061, 4163134, 4163107, 4163109, 4162981, 4163024, 4163124
0, 4162992, 4163018, 4163048, 4163167, 4163184, 4163037, 4163112, 4163067, 4163077, 4162998, 4162983, 4163143, 4163090, 4163090, 4163207, 4163181
0, 4163044, 4163088, 4162858, 4162995, 4163150, 4163092, 4163023, 4163154, 4163160, 4163038, 4163004, 4163151, 4163210, 4163227, 4163152, 4163061
0, 4162977, 4162946, 4163050, 4163015, 4163013, 4163066, 4163077, 4163089, 4162950, 4163065, 4163044, 4162950, 4162994, 4163142, 4162993, 4162996
0, 4163049, 4162960, 4162817, 4162945, 4163012, 4162936, 4162867, 4162964, 4163018, 4162954, 4163065, 4162983, 4162988, 4163009, 4162913, 4162947
0, 4162891, 4162849, 4163106, 4162996, 4163004, 4163000, 4162831, 4162905, 4162974, 4162999, 4163022, 4162919, 4162944, 4163063, 4163001, 4163064
0, 4163041, 4163031, 4163001, 4162904, 4163059, 4163013, 4163092, 4163060, 4162992, 4162938, 4162970, 4162971, 4162959, 4162885, 4163039, 4162948
0, 4163090, 4163054, 4163122, 4162962, 4163038, 4163111, 4163102, 4163055, 4162996, 4162951, 4162949, 4162966, 4163142, 4162951, 4163121, 4162899
0, 4163005, 4163004, 4162970, 4163088, 4163013, 4162955, 4162985, 4162902, 4162993, 4162888, 4162913, 4162868, 4163007, 4162990, 4163083, 4163076
0, 4162951, 4162992, 4162932, 4162982, 4162947, 4163037, 4162907, 4162934, 4162854, 4162885, 4162961, 4162935, 4162909, 4162948, 4162943, 4162917
0, 4162927, 4162987, 4163110, 4163029, 4162819, 4162882, 4162817, 4162770, 4162997, 4162942, 4163064, 4163071, 4162929, 4162888, 4162922, 4162933
0, 4162940, 4162916, 4162933, 4163027, 4162832, 4162950, 4163054, 4163016, 4162931, 4162819, 4162861, 4162946, 4163055, 4162923, 4162859, 4163015
0, 4162905, 4162879, 4162929, 4162880, 4163076, 4162974, 4162973, 4162823, 4162987, 4162988, 4162927, 4162910, 4162861, 4162923, 4162904, 4162874
0, 4162893, 4162980, 4162907, 4162942, 4162782, 4162991, 4162758, 4162887, 4162772, 4162883, 4162948, 4162869, 4162943, 4162944, 4162857, 4162928
0, 4162805, 4162979, 4162958, 4162826, 4163029, 4162837, 4162819, 4162826, 4162836, 4162898, 4162892, 4162931, 4162968, 4162973, 4162976, 4162923
0, 4162753, 4162865, 4162925, 4162784, 4162942, 4162729, 4163018, 4162932, 4162824, 4162864, 4162986, 4162975, 4162885, 4162984, 4162924, 4162999
0, 4162841, 4162891, 4162842, 4162863, 4162841, 4162821, 4162978, 4162844, 4162863, 4162951, 4162854, 4162788, 4162849, 4162781, 4162830, 4162931
0, 4162890, 4162838, 4162970, 4162975, 4162915, 4162942, 4162873, 4162826, 4162781, 4162830, 4162908, 4162820, 4162850, 4162841, 4162885, 4162922
0, 4162967, 4162956, 4162859, 4162789, 4163008, 4162860, 4162920, 4162937, 4162893, 4162946, 4163011, 4162907, 4162906, 4162992, 4162891, 4162977
0, 4162802, 4162886, 4162936, 4163014, 4162974, 4162920, 4162766, 4162919, 4162735, 4162870, 4162978, 4162852, 4162918, 4162816, 4162982, 4162839
0, 4162901, 4163004, 4162827, 4162804, 4162931, 4162879, 4162791, 4162901, 4162923, 4162856, 4162802, 4162914, 4162912, 4163038, 4162869, 4162845
0, 4162911, 4162827, 4162891, 4162868, 4162882, 4162826, 4162901, 4162767, 4162859, 4162785, 4163007, 4162853, 4162975, 4163061, 4162862, 4162979
0, 4162759, 4162844, 4162927, 4162868, 4163093, 4162819, 4162893, 4162730, 4162766, 4162942, 4162858, 4162986, 4162900, 4162948, 4162884, 4162974
0, 4162831, 4162866, 4162955, 4162883, 4163038, 4163026, 4162893, 4163021, 4162867, 4162966, 4162913, 4162982, 4162842, 4162954, 4162858, 4162991
0, 4162839, 4163039, 4162921, 4162873, 4162861, 4162952, 4162999, 4163027, 4162883, 4163013, 4162992, 4162892, 4162842, 4163075, 4162979, 4162954
0, 4162949, 4162991, 4162856, 4162915, 4162897, 4162884, 4162965, 4162844, 4162803, 4162935, 4162876, 4163013, 4162950, 4163026, 4162951, 4162952
0, 4162969, 4162888, 4162974, 4163060, 4163075, 4162999, 4162962, 4162901, 4162904, 4162848, 4163036, 4162961, 4162989, 4162860, 4162839, 4162776
0, 4162990, 4162809, 4162928, 4163035, 4162935, 4162947, 4162912, 4162933, 4163113, 4162950, 4162939, 4163076, 4162879, 4163026, 4162878, 4162928
0, 4163025, 4163042, 4163018, 4162957, 4163004, 4162980, 4162916, 4162855, 4162946, 4163020, 4162896, 4162863, 4162970, 4162958, 4163053, 4162878
0, 4163016, 4162963, 4163029, 4162998, 4163027, 4162924, 4162978, 4162967, 4162952, 4163019, 4162994, 4162978, 4162879, 4162909, 4162998, 4162921
0, 4163010, 4163014, 4163032, 4163115, 4163007, 4163068, 4163061, 4162884, 4162949, 4162888, 4163017, 4162983, 4162934, 4163045, 4163072, 4162844
0, 4163007, 4163022, 4163109, 4162961, 4162897, 4162987, 4163043, 4162927, 4163041, 4163044, 4163162, 4162933, 4163192, 4163002, 4162952, 4163023
0, 4162996, 4162956, 4163028, 4163106, 4163049, 4162909, 4162971, 4162950, 4162957, 4163026, 4162976, 4163020, 4163119, 4163066, 4162982, 4163069
0, 4163061, 4163172, 4162876, 4163135, 4162916, 4162910, 4163132, 4163000, 4162939, 4163042, 4163130, 4162950, 4163006, 4162972, 4163096, 4163070
0, 4163089, 4162956, 4163024, 4162997, 4163097, 4163025, 4162893, 4162995, 4162934, 4163141, 4163036, 4162968, 4163089, 4163176, 4162994, 4163008
0, 4163119, 4163032, 4162977, 4163122, 4163072, 4163018, 4163042, 4163080, 4163130, 4163047, 4162951, 4163048, 4163061, 4162985, 4163067, 4162922
0, 4162967, 4163075, 4163077, 4163081, 4163065, 4163052, 4163020, 4163018, 4163018, 4162961, 4163029, 4163033, 4163002, 4163119, 4163056, 4163031
0, 4163056, 4163133, 4162964, 4163038, 4163191, 4163092, 4162919, 4163056, 4163034, 4163024, 4163134, 4163030, 4162969, 4162985, 4163075, 4162940
0, 4162881, 4163067, 4163117, 4163054, 4162955, 4163083, 4163118, 4163005, 4162933, 4163012, 4162985, 4163074, 4163191, 4163086, 4163067, 4163117
0, 4162828, 4162876, 4162881, 4162954, 4162891, 4162856, 4162828, 4162944, 4162861, 4162930, 4162778, 4163007, 4163032, 4162952, 4162913, 4162980
0, 4162862, 4162919, 4162925, 4162941, 4162956, 4162917, 4162743, 4163085, 4162971, 4162851, 4162990, 4163107, 4162961, 4162976, 4162955, 4162872
0, 4162993, 4162925, 4163010, 4162990, 4163049, 4163060, 4162943, 4163022, 4163027, 4162978, 4162985, 4162965, 4163026, 4163051, 4162973, 4162999
0, 4162864, 4162866, 4162818, 4163007, 4162856, 4162949, 4162930, 4162893, 4162899, 4162850, 4162912, 4162831, 4162887, 4162949, 4162912, 4162938
0, 4162931, 4162909, 4162869, 4162896, 4162873, 4163048, 4162826, 4163013, 4162716, 4162870, 4162961, 4162861, 4162968, 4162807, 4162953, 4162885
0, 4162982, 4162877, 4162918, 4162825, 4163026, 4162964, 4162765, 4163106, 4162902, 4162971, 4163029, 4162931, 4163037, 4162978, 4162944, 4162899
0, 4162938, 4162953, 4163067, 4163052, 4162965, 4162911, 4162920, 4162936, 4162990, 4162910, 4163018, 4163035, 4162954, 4162940, 4162964, 4162940
0, 4162891, 4162842, 4162847, 4162939, 4162967, 4162916, 4162957, 4163059, 4162879, 4162985, 4162985, 4162939, 4163051, 4162910, 4162892, 4162958
0, 4162793, 4163098, 4163033, 4162995, 4162922, 4163040, 4163086, 4163054, 4162887, 4163014, 4162994, 4163068, 4162994, 4162986, 4163010, 4162953
0, 4163088, 4162992, 4162936, 4162993, 4163069, 4162900, 4162819, 4163063, 4162790, 4162977, 4163087, 4163032, 4162865, 4162959, 4162865, 4162936
0, 4162922, 4163071, 4162936, 4162980, 4163080, 4163114, 4163029, 4162959, 4162883, 4163165, 4163030, 4162884, 4162956, 4163052, 4162989, 4163034
0, 4162885, 4162827, 4162926, 4162939, 4162916, 4162915, 4162805, 4162900, 4163069, 4162771, 4162871, 4162939, 4162982, 4162806, 4162955, 4162967
0, 4162978, 4163005, 4162957, 4162943, 4163070, 4162979, 4162918, 4162949, 4162849, 4163033, 4162967, 4162896, 4162911, 4162955, 4162853, 4162879
0, 4163016, 4162950, 4163062, 4163055, 4162955, 4162998, 4163033, 4162810, 4162897, 4163077, 4163002, 4163077, 4163060, 4162922, 4163051, 4163022
0, 4163064, 4162880, 4162922, 4162881, 4162893, 4162963, 4163093, 4163182, 4162935, 4162875, 4162886, 4162861, 4162911, 4163024, 4162882, 4162864
0, 4162982, 4162989, 4162867, 4162778, 4162969, 4162870, 4162919, 4162877, 4163013, 4162865, 4162960, 4162896, 4162833, 4163028, 4162938, 4162900
0, 4163069, 4162914, 4163071, 4162900, 4162952, 4162909, 4163107, 4163027, 4162986, 4162886, 4163157, 4163113, 4162968, 4163086, 4163094, 4163052
0, 4163114, 4162974, 4163000, 4163178, 4163104, 4163019, 4162933, 4163178, 4162973, 4163137, 4163077, 4162960, 4163077, 4163143, 4163090, 4162954
0, 4162923, 4163074, 4162970, 4162950, 4162963, 4163030, 4163034, 4162970, 4163017, 4163066, 4163024, 4162923, 4163097, 4162986, 4163006, 4163199
0, 4163217, 4163023, 4163217, 4163187, 4163238, 4163149, 4163114, 4163158, 4163240, 4163183, 4163224, 4163144, 4163031, 4163241, 4163226, 4163155
1, 4163090, 4163075, 4162842, 4162873, 4162675, 4161896, 4161255, 4161053, 4161956, 4162484, 4162670, 4162783, 4162976, 4163027, 4163102, 4162995
1, 4162933, 4163074, 4162966, 4162837, 4162181, 4161696, 4161309, 4161382, 4162358, 4162592, 4162813, 4162850, 4162932, 4162939, 4162994, 4162913
1, 4163088, 4163046, 4163122, 4162757, 4162354, 4161798, 4160817, 4160492, 4161606, 4162416, 4162506, 4162895, 4162800, 4162929, 4162831, 4162963
1, 4163044, 4163214, 4162846, 4162888, 4162653, 4161965, 4161444, 4161237, 4162119, 4162523, 4162744, 4162905, 4162918, 4162696, 4163080, 4163108
1, 4163045, 4162920, 4162931, 4162865, 4162291, 4161824, 4161133, 4160681, 4161686, 4162281, 4162769, 4162896, 4162985, 4162911, 4163013, 4162979
1, 4162831, 4162954, 4163129, 4162749, 4162420, 4161882, 4160895, 4160310, 4161794, 4162331, 4162692, 4162861, 4162892, 4162872, 4162950, 4163069
1, 4162970, 4162852, 4162726, 4162795, 4162405, 4161711, 4160606, 4159929, 4160910, 4161956, 4162443, 4162615, 4162676, 4162815, 4162839, 4162857
1, 4162933, 4162964, 4162921, 4162750, 4162366, 4161315, 4160694, 4160862, 4162140, 4162324, 4162726, 4162855, 4162916, 4162798, 4162946, 4162793
1, 4163018, 4162842, 4162724, 4162613, 4162275, 4162066, 4161739, 4161725, 4162170, 4162484, 4162799, 4162714, 4162881, 4162890, 4162899, 4163018
1, 4162882, 4162919, 4162978, 4162728, 4162174, 4161634, 4161467, 4161327, 4162222, 4162446, 4162860, 4162845, 4162885, 4162906, 4162920, 4162945
1, 4162888, 4162868, 4163007, 4162608, 4162373, 4162154, 4161517, 4160593, 4161904, 4162408, 4162648, 4162690, 4162891, 4162849, 4162778, 4162897
1, 4162904, 4163012, 4162810, 4162430, 4161968, 4161521, 4161066, 4160936, 4161953, 4162455, 4162676, 4162837, 4162881, 4162949, 4162855, 4163055
1, 4162896, 4162910, 4162813, 4162938, 4162751, 4162068, 4161054, 4160210, 4160635, 4162030, 4162282, 4162757, 4162712, 4162743, 4162735, 4162789
1, 4162994, 4162842, 4162604, 4162609, 4162069, 4161740, 4161457, 4161370, 4161891, 4162426, 4162571, 4162768, 4162749, 4162859, 4162819, 4162820
1, 4163071, 4162995, 4162703, 4162533, 4162153, 4161586, 4161234, 4160822, 4161590, 4162269, 4162639, 4162706, 4162733, 4162855, 4162875, 4162809
1, 4163124, 4162958, 4162778, 4162401, 4162077, 4161588, 4161114, 4160812, 4161784, 4162307, 4162529, 4162680, 4162703, 4162836, 4162715, 4162814
1, 4162964, 4162873, 4162843, 4162859, 4162593, 4161777, 4161286, 4160799, 4161214, 4162062, 4162350, 4162632, 4162704, 4162825, 4162810, 4162813
1, 4162815, 4163056, 4162700, 4162305, 4161966, 4160972, 4160353, 4160213, 4161968, 4162392, 4162613, 4162779, 4162726, 4162803, 4162888, 4162745
1, 4162817, 4162785, 4162781, 4162738, 4162321, 4161617, 4160651, 4159802, 4161777, 4162169, 4162537, 4162657, 4162731, 4162776, 4162801, 4162772
1, 4162966, 4162948, 4162852, 4162907, 4162543, 4161858, 4160649, 4159599, 4160105, 4161811, 4162242, 4162577, 4162680, 4162877, 4162805, 4162859
1, 4162712, 4162742, 4162747, 4162540, 4162444, 4161535, 4160888, 4160755, 4161839, 4162227, 4162428, 4162617, 4162653, 4162862, 4162836, 4162929
1, 4162888, 4162845, 4162804, 4162662, 4162478, 4161912, 4161091, 4160801, 4161205, 4162179, 4162531, 4162672, 4162635, 4162722, 4162867, 4162728
1, 4162792, 4162693, 4162636, 4162360, 4162104, 4161625, 4161180, 4161041, 4161938, 4162217, 4162491, 4162611, 4162797, 4162885, 4162757, 4162846
1, 4162758, 4162783, 4162586, 4162396, 4162157, 4161668, 4161274, 4161276, 4162077, 4162231, 4162716, 4162746, 4162779, 4162855, 4162899, 4162771
1, 4162746, 4163024, 4162665, 4162760, 4162564, 4162282, 4161456, 4159495, 4160475, 4161790, 4162549, 4162667, 4162697, 4162748, 4162918, 4162842
1, 4162776, 4162776, 4162612, 4162268, 4162026, 4161791, 4161577, 4161447, 4162248, 4162485, 4162581, 4162653, 4162764, 4162838, 4162804, 4162891
1, 4162838, 4162778, 4162727, 4162385, 4162096, 4161862, 4161608, 4161479, 4162212, 4162520, 4162592, 4162764, 4162788, 4162720, 4162837, 4162917
1, 4162972, 4162893, 4162892, 4162672, 4162434, 4162067, 4161445, 4160766, 4161641, 4162298, 4162466, 4162837, 4162813, 4162862, 4162930, 4162848
1, 4162954, 4162900, 4162887, 4162668, 4162713, 4162188, 4161343, 4160363, 4161062, 4162009, 4162399, 4162581, 4162951, 4162709, 4162702, 4162760
1, 4163061, 4162945, 4162927, 4162956, 4162911, 4162367, 4160856, 4159269, 4161441, 4162514, 4162579, 4162623, 4162688, 4162725, 4162798, 4162909
1, 4162911, 4163005, 4162835, 4162509, 4161848, 4161182, 4160718, 4160273, 4161612, 4162414, 4162684, 4162729, 4162789, 4162808, 4162917, 4162877
1, 4163070, 4162941, 4162855, 4162698, 4162732, 4162366, 4161090, 4160650, 4161585, 4162297, 4162636, 4162558, 4162723, 4162841, 4162895, 4162858
1, 4163047, 4162903, 4162989, 4162696, 4162436, 4161770, 4160698, 4160389, 4161988, 4162305, 4162731, 4162773, 4162851, 4162781, 4162894, 4162893
1, 4162979, 4163053, 4162950, 4162963, 4162879, 4162272, 4161585, 4160147, 4161069, 4162298, 4162598, 4162640, 4162854, 4162800, 4163030, 4162892
1, 4163008, 4163053, 4162975, 4162941, 4162637, 4161916, 4160553, 4159315, 4160623, 4161877, 4162645, 4162775, 4162765, 4162929, 4162910, 4162953
1, 4163127, 4163135, 4163009, 4162817, 4162721, 4161955, 4160833, 4159180, 4160726, 4162162, 4162601, 4162854, 4162644, 4162827, 4162901, 4162741
1, 4162916, 4163148, 4162985, 4162846, 4162135, 4161275, 4159862, 4159259, 4161975, 4162566, 4162685, 4162807, 4162848, 4162888, 4162943, 4162885
1, 4163213, 4162977, 4163113, 4163011, 4162798, 4161282, 4160212, 4159764, 4161823, 4162436, 4162773, 4162750, 4162687, 4162895, 4162843, 4162867
1, 4162888, 4163015, 4163121, 4163004, 4162622, 4161922, 4160328, 4158950, 4161081, 4162275, 4162570, 4162753, 4162853, 4163018, 4162974, 4163009
1, 4162925, 4162948, 4162935, 4162839, 4162753, 4162235, 4161192, 4160254, 4161182, 4162444, 4162558, 4162715, 4162764, 4162978, 4162860, 4162819
1, 4162819, 4162892, 4162720, 4162573, 4162224, 4162021, 4161531, 4161345, 4161442, 4162135, 4162366, 4162558, 4162722, 4162698, 4162673, 4162912
1, 4162747, 4162828, 4162683, 4162442, 4162038, 4161810, 4161522, 4161439, 4161852, 4162384, 4162611, 4162681, 4162774, 4162761, 4162825, 4162892
1, 4162785, 4162872, 4162841, 4162569, 4161983, 4161012, 4159961, 4159819, 4162127, 4162522, 4162857, 4162865, 4162844, 4162981, 4162885, 4162925
1, 4162944, 4162668, 4162738, 4162699, 4162329, 4162058, 4161770, 4161431, 4161843, 4162408, 4162570, 4162605, 4162864, 4162781, 4162793, 4162845
1, 4162926, 4163006, 4162877, 4162511, 4162337, 4161799, 4160982, 4159974, 4161770, 4162270, 4162569, 4162705, 4162661, 4162817, 4162756, 4162856
1, 4162899, 4163027, 4162844, 4162536, 4161961, 4161054, 4159973, 4159702, 4161755, 4162354, 4162566, 4162711, 4162682, 4162870, 4162897, 4162855
1, 4162870, 4162835, 4162792, 4162779, 4162438, 4161641, 4160859, 4160076, 4161290, 4162224, 4162656, 4162800, 4162873, 4163010, 4163025, 4162806
1, 4162949, 4163024, 4162895, 4162447, 4162067, 4161231, 4160269, 4160017, 4161734, 4162296, 4162701, 4162772, 4162958, 4162882, 4162765, 4163058
1, 4162876, 4162916, 4162669, 4162545, 4162218, 4161746, 4161198, 4160942, 4161882, 4162276, 4162452, 4162752, 4162839, 4162856, 4162864, 4162927
1, 4162912, 4163010, 4162957, 4162866, 4162610, 4162047, 4160748, 4159447, 4161693, 4162249, 4162641, 4162732, 4162825, 4162851, 4162875, 4162965
1, 4162955, 4162781, 4162932, 4162938, 4162860, 4162399, 4160819, 4159005, 4159824, 4161868, 4162597, 4162755, 4162908, 4163046, 4162991, 4162979
1, 4163059, 4163010, 4163000, 4162806, 4162641, 4161721, 4160169, 4158867, 4160509, 4162118, 4162554, 4162774, 4162844, 4162939, 4162945, 4162845
1, 4162812, 4162777, 4162713, 4162611, 4162510, 4161995, 4160490, 4159388, 4161575, 4162333, 4162558, 4162680, 4162716, 4162813, 4162884, 4162894
1, 4162951, 4162821, 4162791, 4162953, 4162637, 4162296, 4161287, 4159811, 4160219, 4161810, 4162540, 4162730, 4162849, 4162838, 4162788, 4162757
1, 4162889, 4162930, 4163030, 4162982, 4162818, 4162242, 4160478, 4157760, 4159634, 4161976, 4162504, 4162821, 4162789, 4162837, 4162993, 4162846
1, 4163014, 4162817, 4162920, 4162796, 4162809, 4162633, 4160828, 4158681, 4159037, 4161849, 4162447, 4162675, 4162846, 4162861, 4162923, 4162823
1, 4162953, 4162870, 4162865, 4162715, 4162394, 4161720, 4160319, 4159238, 4161166, 4162521, 4162708, 4162866, 4162824, 4162851, 4162900, 4162873
1, 4163041, 4162970, 4162829, 4162626, 4162200, 4161598, 4160556, 4160073, 4162283, 4162578, 4162913, 4162947, 4162936, 4162988, 4162993, 4162944
1, 4162875, 4162762, 4162894, 4162687, 4162605, 4161714, 4160776, 4160095, 4161665, 4162474, 4162728, 4162788, 4162857, 4163017, 4162983, 4162956
1, 4163141, 4163118, 4162918, 4162592, 4162042, 4161443, 4161327, 4161122, 4162113, 4162532, 4162789, 4162821, 4162957, 4162861, 4163084, 4163103
2, 4163222, 4163116, 4163301, 4163317, 4163377, 4163377, 4163802, 4164827, 4164066, 4163412, 4163376, 4163387, 4163490, 4163613, 4163622, 4163695
2, 4163170, 4163231, 4163113, 4163267, 4163263, 4163346, 4163857, 4164978, 4164112, 4163478, 4163468, 4163662, 4163786, 4163736, 4163913, 4162753
2, 4163147, 4163156, 4163240, 4163186, 4163304, 4163487, 4164074, 4165119, 4163480, 4163690, 4163392, 4163258, 4163476, 4163317, 4163274, 4163070
2, 4163122, 4163154, 4163231, 4163190, 4163284, 4163645, 4164944, 4166578, 4163748, 4163770, 4163696, 4163663, 4163763, 4162732, 4163071, 4163033
2, 4163192, 4163064, 4163175, 4163071, 4163330, 4163449, 4164170, 4165844, 4163742, 4163418, 4163544, 4163463, 4163657, 4163768, 4162280, 4163160
2, 4163017, 4163104, 4163106, 4163167, 4163012, 4163200, 4163624, 4165583, 4164660, 4163721, 4163765, 4163900, 4163765, 4162080, 4163276, 4162960
2, 4163042, 4163062, 4163108, 4162993, 4163236, 4163580, 4164404, 4165041, 4163677, 4163576, 4163749, 4163899, 4163945, 4162086, 4163087, 4163083
2, 4163050, 4163117, 4163068, 4163097, 4163241, 4163335, 4164021, 4165599, 4163523, 4163623, 4163414, 4163508, 4163424, 4163020, 4162972, 4162996
2, 4162974, 4163056, 4162983, 4163039, 4162995, 4163198, 4163413, 4164590, 4163433, 4163464, 4163245, 4163182, 4163410, 4163378, 4163402, 4163260
2, 4163094, 4163176, 4163094, 4163240, 4163116, 4163454, 4163951, 4164869, 4163561, 4163367, 4163532, 4163462, 4163423, 4162934, 4163016, 4163007
2, 4162986, 4162915, 4163127, 4163158, 4163221, 4163160, 4163495, 4163915, 4163736, 4163326, 4163199, 4163256, 4163291, 4163227, 4163246, 4163177
2, 4163074, 4163041, 4163007, 4162959, 4163176, 4163192, 4163646, 4164500, 4163588, 4163443, 4163355, 4163450, 4163336, 4163312, 4163312, 4162691
2, 4163006, 4163067, 4163076, 4163185, 4163149, 4163791, 4165289, 4168576, 4162611, 4163156, 4163051, 4162849, 4162901, 4162844, 4162850, 4162872
2, 4163103, 4163057, 4162997, 4163099, 4163173, 4163276, 4163813, 4164558, 4163628, 4163465, 4163688, 4163682, 4163851, 4162127, 4163066, 4162850
2, 4162996, 4162877, 4163000, 4163179, 4163098, 4163409, 4163867, 4165013, 4164394, 4163587, 4163573, 4163412, 4163301, 4163442, 4162328, 4163175
2, 4162973, 4163009, 4163042, 4163015, 4163156, 4163469, 4164306, 4165338, 4163527, 4163399, 4163304, 4163465, 4163447, 4163380, 4163012, 4162909
2, 4163003, 4163033, 4162998, 4163113, 4163106, 4163306, 4163968, 4164370, 4163721, 4163497, 4163366, 4163373, 4163388, 4163461, 4162325, 4162942
2, 4162976, 4162978, 4162953, 4163168, 4163248, 4163330, 4164001, 4165245, 4163370, 4163420, 4163417, 4163406, 4163400, 4163499, 4162201, 4162982
2, 4162992, 4163011, 4162968, 4163021, 4163171, 4163282, 4163916, 4164813, 4163416, 4163363, 4163415, 4163408, 4163367, 4163008, 4162788, 4163019
2, 4162958, 4162878, 4162937, 4163065, 4163212, 4163348, 4163893, 4165650, 4163850, 4163414, 4163525, 4163340, 4163464, 4163581, 4162543, 4163192
2, 4162886, 4162977, 4162975, 4163033, 4163123, 4163253, 4163656, 4165222, 4163295, 4163351, 4163245, 4163361, 4163551, 4163562, 4162503, 4162912
2, 4163063, 4163012, 4163038, 4163109, 4163239, 4163487, 4164130, 4165800, 4163318, 4163004, 4163197, 4162897, 4162825, 4162760, 4162896, 4162886
2, 4162945, 4162996, 4163149, 4163102, 4163105, 4163472, 4164129, 4165652, 4163622, 4163204, 4163240, 4163232, 4163151, 4163053, 4163144, 4162576
2, 4162972, 4163015, 4162990, 4162898, 4163248, 4163535, 4163975, 4164354, 4163313, 4163441, 4163371, 4163263, 4163150, 4162968, 4162653, 4162966
2, 4163100, 4162960, 4163119, 4163103, 4163149, 4163495, 4163925, 4166500, 4165157, 4162993, 4162853, 4162818, 4162960, 4162907, 4162839, 4162888
2, 4163161, 4163057, 4163085, 4163071, 4163109, 4163381, 4163939, 4165108, 4163127, 4163029, 4163032, 4162861, 4162945, 4162856, 4162837, 4162848
2, 4163024, 4163049, 4162984, 4162943, 4163051, 4163011, 4163606, 4165073, 4164443, 4163137, 4163053, 4163018, 4162856, 4162903, 4162863, 4162956
2, 4162978, 4162938, 4163003, 4163056, 4162966, 4163485, 4164087, 4164485, 4163624, 4163347, 4163365, 4163322, 4163346, 4163385, 4162601, 4162924
2, 4163083, 4163012, 4163131, 4162930, 4163086, 4163425, 4164250, 4167723, 4164598, 4163417, 4163394, 4163395, 4163360, 4163090, 4162831, 4163061
2, 4163205, 4163106, 4163111, 4163157, 4163220, 4163525, 4164668, 4166342, 4163136, 4162976, 4163107, 4162947, 4163021, 4162982, 4163020, 4162839
2, 4163041, 4163079, 4163117, 4163045, 4163354, 4163454, 4163747, 4165136, 4164103, 4163371, 4163378, 4163366, 4163308, 4163334, 4162551, 4162905
2, 4163190, 4163170, 4163119, 4163184, 4163207, 4163313, 4163800, 4165756, 4164450, 4163616, 4163410, 4163392, 4163437, 4163485, 4162696, 4162943
2, 4163074, 4163144, 4163230, 4163131, 4163265, 4163474, 4163950, 4165918, 4163939, 4163102, 4163076, 4163005, 4163099, 4162941, 4162891, 4163065
2, 4163008, 4162999, 4163180, 4163143, 4163364, 4163507, 4165260, 4165623, 4163689, 4163547, 4163814, 4163653, 4163885, 4162581, 4162900, 4163060
2, 4163064, 4163102, 4163182, 4163301, 4163343, 4163670, 4165090, 4166608, 4163789, 4163741, 4163739, 4163777, 4162939, 4162925, 4163112, 4163129
2, 4163217, 4163166, 4163276, 4163353, 4163239, 4163616, 4164511, 4167586, 4164434, 4163649, 4163451, 4163611, 4163724, 4162321, 4163080, 4162990
2, 4163114, 4163245, 4163253, 4163401, 4163297, 4163626, 4164821, 4166374, 4163532, 4163407, 4163588, 4163558, 4163522, 4163314, 4162871, 4163021
2, 4163248, 4163156, 4163311, 4163321, 4163433, 4163647, 4164566, 4170112, 4164584, 4163531, 4163114, 4162836, 4163150, 4162918, 4162926, 4163189
2, 4163163, 4163155, 4163348, 4163289, 4163242, 4163471, 4164902, 4167066, 4163356, 4163013, 4163256, 4163077, 4163136, 4163016, 4162878, 4163071
2, 4163167, 4163232, 4163236, 4163240, 4163248, 4163523, 4166241, 4167757, 4163441, 4163866, 4164567, 4164444, 4163014, 4162996, 4162963, 4162990
2, 4162904, 4162975, 4162917, 4162926, 4163104, 4163315, 4163695, 4164438, 4164163, 4163341, 4163220, 4163431, 4163381, 4163512, 4163487, 4162478
2, 4162918, 4162953, 4162863, 4163169, 4162900, 4163265, 4163470, 4164447, 4163585, 4163276, 4163435, 4163407, 4163467, 4163487, 4162163, 4163197
2, 4163004, 4162926, 4163251, 4163167, 4163223, 4163139, 4163635, 4165503, 4163473, 4163437, 4163571, 4163275, 4163252, 4162525, 4162832, 4163088
2, 4162988, 4163103, 4162991, 4163052, 4163316, 4163612, 4164146, 4164791, 4163404, 4163422, 4163427, 4163360, 4163489, 4163244, 4162661, 4162871
2, 4163078, 4163104, 4163018, 4162928, 4163068, 4163393, 4164230, 4166040, 4163604, 4163364, 4163391, 4163439, 4163561, 4162342, 4162952, 4162934
2, 4163097, 4163081, 4163214, 4163195, 4163343, 4163664, 4164905, 4168982, 4163086, 4163047, 4163186, 4162928, 4163198, 4162980, 4162927, 4162959
2, 4163037, 4163102, 4163062, 4163171, 4163072, 4163672, 4165053, 4168860, 4162929, 4162903, 4163102, 4163016, 4163076, 4163040, 4163014, 4163050
2, 4162893, 4163115, 4163031, 4163160, 4163147, 4163511, 4164021, 4164503, 4163566, 4163415, 4163314, 4163264, 4163308, 4163514, 4162418, 4162988
2, 4162927, 4163243, 4163050, 4163115, 4163190, 4163537, 4164641, 4165659, 4163319, 4163360, 4163346, 4163367, 4163336, 4162768, 4162826, 4162890
2, 4163091, 4162981, 4162969, 4163259, 4163147, 4163382, 4164073, 4166156, 4163257, 4163469, 4163454, 4163471, 4163338, 4162709, 4163041, 4163151
2, 4163062, 4162929, 4163096, 4163234, 4163233, 4163420, 4164026, 4166645, 4164326, 4163173, 4163334, 4163006, 4163046, 4162935, 4163074, 4163231
2, 4162946, 4163024, 4163225, 4163219, 4163091, 4163446, 4164118, 4168398, 4164558, 4163133, 4163205, 4162978, 4163198, 4163028, 4163117, 4163215
2, 4163162, 4163076, 4163148, 4163091, 4163246, 4163625, 4164486, 4166837, 4163387, 4163289, 4163363, 4163185, 4163122, 4163232, 4163156, 4162647
2, 4163166, 4163184, 4163086, 4163114, 4163224, 4163497, 4164216, 4168131, 4164651, 4163004, 4163606, 4163694, 4163231, 4163506, 4162512, 4163193
2, 4163012, 4163061, 4163108, 4163124, 4163211, 4163759, 4165988, 4167429, 4162658, 4163203, 4162927, 4162859, 4162987, 4163121, 4163251, 4163270
2, 4163026, 4163119, 4163152, 4163076, 4163169, 4163605, 4164461, 4167303, 4162777, 4162724, 4163016, 4162900, 4163136, 4162857, 4162912, 4163196
2, 4163054, 4163153, 4163270, 4163356, 4163533, 4164001, 4166572, 4167034, 4162854, 4162912, 4163257, 4162943, 4163202, 4162994, 4162941, 4163113
2, 4163141, 4163150, 4163331, 4163264, 4163438, 4163861, 4165984, 4166951, 4163226, 4163211, 4163533, 4163500, 4163675, 4162482, 4163128, 4162981
2, 4163035, 4163075, 4163043, 4163162, 4163425, 4163698, 4165266, 4168204, 4163265, 4163356, 4163796, 4164159, 4162394, 4163078, 4162961, 4163053
2, 4163323, 4163350, 4163251, 4163433, 4163398, 4163651, 4166703, 4167079, 4163828, 4164100, 4164866, 4162114, 4163251, 4163484, 4163112, 4163307
